{
  "schema": "researchdb.phase1.cold_warm.v1",
  "plan": "naive",
  "query": "Q1",
  "cold_method": "container-restart",
  "warmup": 5,
  "cold": {
    "p50_us": 63999,
    "p95_us": 71167,
    "p99_us": 71167,
    "max_us": 71167,
    "n": 5
  },
  "warm": {
    "p50_us": 17759,
    "p95_us": 18351,
    "p99_us": 18351,
    "max_us": 18351,
    "n": 5
  },
  "cold_over_warm_p50": 3.603750211160538,
  "cold_over_warm_p95": 3.8780992861424446
}