{
  "schema": "researchdb.phase1.cold_warm.v1",
  "plan": "naive",
  "query": "Q7",
  "cold_method": "container-restart",
  "warmup": 5,
  "cold": {
    "p50_us": 83327,
    "p95_us": 92031,
    "p99_us": 92031,
    "max_us": 92031,
    "n": 5
  },
  "warm": {
    "p50_us": 43647,
    "p95_us": 44799,
    "p99_us": 44799,
    "max_us": 44799,
    "n": 5
  },
  "cold_over_warm_p50": 1.909111737347355,
  "cold_over_warm_p95": 2.054309247974285
}