{
  "schema": "researchdb.phase1.cold_warm.v1",
  "plan": "v2",
  "query": "Q4",
  "cold_method": "container-restart",
  "warmup": 5,
  "cold": {
    "p50_us": 12631,
    "p95_us": 14159,
    "p99_us": 14159,
    "max_us": 14159,
    "n": 5
  },
  "warm": {
    "p50_us": 1566,
    "p95_us": 1645,
    "p99_us": 1645,
    "max_us": 1645,
    "n": 5
  },
  "cold_over_warm_p50": 8.065772669220944,
  "cold_over_warm_p95": 8.607294832826748
}