{
  "schema": "researchdb.phase1.cold_warm.v1",
  "plan": "naive",
  "query": "Q4",
  "cold_method": "container-restart",
  "warmup": 5,
  "cold": {
    "p50_us": 69439,
    "p95_us": 76415,
    "p99_us": 76415,
    "max_us": 76415,
    "n": 5
  },
  "warm": {
    "p50_us": 19583,
    "p95_us": 21615,
    "p99_us": 21615,
    "max_us": 21615,
    "n": 5
  },
  "cold_over_warm_p50": 3.545881632027779,
  "cold_over_warm_p95": 3.5352764284061995
}