{
  "schema": "researchdb.phase1.cold_warm.v1",
  "plan": "v1",
  "query": "Q4",
  "cold_method": "container-restart",
  "warmup": 5,
  "cold": {
    "p50_us": 44607,
    "p95_us": 53151,
    "p99_us": 53151,
    "max_us": 53151,
    "n": 5
  },
  "warm": {
    "p50_us": 12871,
    "p95_us": 15455,
    "p99_us": 15455,
    "max_us": 15455,
    "n": 5
  },
  "cold_over_warm_p50": 3.4656980809571905,
  "cold_over_warm_p95": 3.439081203494015
}