{
  "schema": "researchdb.phase1.cold_warm.v1",
  "plan": "v3",
  "query": "Q5",
  "cold_method": "container-restart",
  "warmup": 5,
  "cold": {
    "p50_us": 33663,
    "p95_us": 39839,
    "p99_us": 39839,
    "max_us": 39839,
    "n": 5
  },
  "warm": {
    "p50_us": 18927,
    "p95_us": 19439,
    "p99_us": 19439,
    "max_us": 19439,
    "n": 5
  },
  "cold_over_warm_p50": 1.7785702964019654,
  "cold_over_warm_p95": 2.0494366994186946
}