{
  "schema": "researchdb.phase1.cold_warm.v1",
  "plan": "naive",
  "query": "Q7",
  "cold_method": "container-restart",
  "warmup": 5,
  "cold": {
    "p50_us": 119487,
    "p95_us": 120063,
    "p99_us": 120063,
    "max_us": 120063,
    "n": 5
  },
  "warm": {
    "p50_us": 60863,
    "p95_us": 73471,
    "p99_us": 73471,
    "max_us": 73471,
    "n": 5
  },
  "cold_over_warm_p50": 1.9632124607725547,
  "cold_over_warm_p95": 1.634154972710321
}