{
  "schema": "researchdb.phase1.cold_warm.v1",
  "plan": "naive",
  "query": "Q1",
  "cold_method": "container-restart",
  "warmup": 5,
  "cold": {
    "p50_us": 42527,
    "p95_us": 61311,
    "p99_us": 61311,
    "max_us": 61311,
    "n": 5
  },
  "warm": {
    "p50_us": 13039,
    "p95_us": 13159,
    "p99_us": 13159,
    "max_us": 13159,
    "n": 5
  },
  "cold_over_warm_p50": 3.2615231229388755,
  "cold_over_warm_p95": 4.65924462345163
}