{
  "schema": "researchdb.phase1.cold_warm.v1",
  "plan": "v3",
  "query": "Q7",
  "cold_method": "container-restart",
  "warmup": 5,
  "cold": {
    "p50_us": 51711,
    "p95_us": 59039,
    "p99_us": 59039,
    "max_us": 59039,
    "n": 5
  },
  "warm": {
    "p50_us": 32191,
    "p95_us": 34687,
    "p99_us": 34687,
    "max_us": 34687,
    "n": 5
  },
  "cold_over_warm_p50": 1.6063806654033737,
  "cold_over_warm_p95": 1.7020497592758095
}