{
  "schema": "researchdb.phase1.cold_warm.v1",
  "plan": "v2",
  "query": "Q5",
  "cold_method": "container-restart",
  "warmup": 5,
  "cold": {
    "p50_us": 35327,
    "p95_us": 38207,
    "p99_us": 38207,
    "max_us": 38207,
    "n": 5
  },
  "warm": {
    "p50_us": 18207,
    "p95_us": 18719,
    "p99_us": 18719,
    "max_us": 18719,
    "n": 5
  },
  "cold_over_warm_p50": 1.940297687702532,
  "cold_over_warm_p95": 2.0410812543405097
}