{
  "schema": "researchdb.phase1.cold_warm.v1",
  "plan": "v3",
  "query": "Q2",
  "cold_method": "container-restart",
  "warmup": 5,
  "cold": {
    "p50_us": 45695,
    "p95_us": 55167,
    "p99_us": 55167,
    "max_us": 55167,
    "n": 5
  },
  "warm": {
    "p50_us": 30303,
    "p95_us": 33503,
    "p99_us": 33503,
    "max_us": 33503,
    "n": 5
  },
  "cold_over_warm_p50": 1.507936507936508,
  "cold_over_warm_p95": 1.6466286601199893
}