{
  "schema": "researchdb.phase1.cold_warm.v1",
  "plan": "v0",
  "query": "Q7",
  "cold_method": "container-restart",
  "warmup": 5,
  "cold": {
    "p50_us": 120255,
    "p95_us": 134911,
    "p99_us": 134911,
    "max_us": 134911,
    "n": 5
  },
  "warm": {
    "p50_us": 62047,
    "p95_us": 63999,
    "p99_us": 63999,
    "max_us": 63999,
    "n": 5
  },
  "cold_over_warm_p50": 1.93812754847132,
  "cold_over_warm_p95": 2.108017312770512
}