{
  "schema": "researchdb.phase1.cold_warm.v1",
  "plan": "naive",
  "query": "Q2",
  "cold_method": "container-restart",
  "warmup": 5,
  "cold": {
    "p50_us": 47039,
    "p95_us": 66815,
    "p99_us": 66815,
    "max_us": 66815,
    "n": 5
  },
  "warm": {
    "p50_us": 31007,
    "p95_us": 31039,
    "p99_us": 31039,
    "max_us": 31039,
    "n": 5
  },
  "cold_over_warm_p50": 1.5170445383300546,
  "cold_over_warm_p95": 2.1526144527852056
}