{
  "schema": "researchdb.phase1.cold_warm.v1",
  "plan": "naive",
  "query": "Q5",
  "cold_method": "container-restart",
  "warmup": 5,
  "cold": {
    "p50_us": 59103,
    "p95_us": 63455,
    "p99_us": 63455,
    "max_us": 63455,
    "n": 5
  },
  "warm": {
    "p50_us": 45471,
    "p95_us": 46623,
    "p99_us": 46623,
    "max_us": 46623,
    "n": 5
  },
  "cold_over_warm_p50": 1.2997954740383981,
  "cold_over_warm_p95": 1.3610235291594277
}