{
  "schema": "researchdb.phase1.cold_warm.v1",
  "plan": "v2",
  "query": "Q2",
  "cold_method": "container-restart",
  "warmup": 5,
  "cold": {
    "p50_us": 47615,
    "p95_us": 51391,
    "p99_us": 51391,
    "max_us": 51391,
    "n": 5
  },
  "warm": {
    "p50_us": 30479,
    "p95_us": 36991,
    "p99_us": 36991,
    "max_us": 36991,
    "n": 5
  },
  "cold_over_warm_p50": 1.5622231700515108,
  "cold_over_warm_p95": 1.3892838798626692
}