{
  "schema": "researchdb.phase1.cold_warm.v1",
  "plan": "naive",
  "query": "Q5",
  "cold_method": "container-restart",
  "warmup": 5,
  "cold": {
    "p50_us": 50559,
    "p95_us": 58943,
    "p99_us": 58943,
    "max_us": 58943,
    "n": 5
  },
  "warm": {
    "p50_us": 31183,
    "p95_us": 31455,
    "p99_us": 31455,
    "max_us": 31455,
    "n": 5
  },
  "cold_over_warm_p50": 1.6213642048552095,
  "cold_over_warm_p95": 1.8738833253854712
}