{
  "schema": "researchdb.phase1.cold_warm.v1",
  "plan": "v3",
  "query": "Q7",
  "cold_method": "container-restart",
  "warmup": 5,
  "cold": {
    "p50_us": 37855,
    "p95_us": 41951,
    "p99_us": 41951,
    "max_us": 41951,
    "n": 5
  },
  "warm": {
    "p50_us": 19951,
    "p95_us": 20383,
    "p99_us": 20383,
    "max_us": 20383,
    "n": 5
  },
  "cold_over_warm_p50": 1.8973986266352563,
  "cold_over_warm_p95": 2.058136682529559
}