{
  "schema": "researchdb.phase1.cold_warm.v1",
  "plan": "v3",
  "query": "Q4",
  "cold_method": "container-restart",
  "warmup": 5,
  "cold": {
    "p50_us": 12127,
    "p95_us": 13991,
    "p99_us": 13991,
    "max_us": 13991,
    "n": 5
  },
  "warm": {
    "p50_us": 1379,
    "p95_us": 1961,
    "p99_us": 1961,
    "max_us": 1961,
    "n": 5
  },
  "cold_over_warm_p50": 8.794053662073967,
  "cold_over_warm_p95": 7.134625191228965
}