{
  "schema": "researchdb.phase1.cold_warm.v1",
  "plan": "naive",
  "query": "Q6",
  "cold_method": "container-restart",
  "warmup": 5,
  "cold": {
    "p50_us": 90111,
    "p95_us": 106367,
    "p99_us": 106367,
    "max_us": 106367,
    "n": 5
  },
  "warm": {
    "p50_us": 43455,
    "p95_us": 43743,
    "p99_us": 43743,
    "max_us": 43743,
    "n": 5
  },
  "cold_over_warm_p50": 2.0736624093890232,
  "cold_over_warm_p95": 2.4316347758498504
}