{
  "schema": "researchdb.phase1.cold_warm.v1",
  "plan": "v0",
  "query": "Q4",
  "cold_method": "container-restart",
  "warmup": 5,
  "cold": {
    "p50_us": 69951,
    "p95_us": 70655,
    "p99_us": 70655,
    "max_us": 70655,
    "n": 5
  },
  "warm": {
    "p50_us": 18959,
    "p95_us": 19951,
    "p99_us": 19951,
    "max_us": 19951,
    "n": 5
  },
  "cold_over_warm_p50": 3.6895933329816972,
  "cold_over_warm_p95": 3.541426494912536
}