{
  "schema": "researchdb.phase1.cold_warm.v1",
  "plan": "v0",
  "query": "Q5",
  "cold_method": "container-restart",
  "warmup": 5,
  "cold": {
    "p50_us": 58559,
    "p95_us": 63647,
    "p99_us": 63647,
    "max_us": 63647,
    "n": 5
  },
  "warm": {
    "p50_us": 45215,
    "p95_us": 46559,
    "p99_us": 46559,
    "max_us": 46559,
    "n": 5
  },
  "cold_over_warm_p50": 1.2951232997898927,
  "cold_over_warm_p95": 1.367018191971477
}