{
  "schema": "researchdb.phase1.cold_warm.v1",
  "plan": "v3",
  "query": "Q6",
  "cold_method": "container-restart",
  "warmup": 5,
  "cold": {
    "p50_us": 35071,
    "p95_us": 40415,
    "p99_us": 40415,
    "max_us": 40415,
    "n": 5
  },
  "warm": {
    "p50_us": 21855,
    "p95_us": 24335,
    "p99_us": 24335,
    "max_us": 24335,
    "n": 5
  },
  "cold_over_warm_p50": 1.6047128803477466,
  "cold_over_warm_p95": 1.660776659132936
}