{
  "schema": "researchdb.phase1.cold_warm.v1",
  "plan": "v1",
  "query": "Q6",
  "cold_method": "container-restart",
  "warmup": 5,
  "cold": {
    "p50_us": 84607,
    "p95_us": 91583,
    "p99_us": 91583,
    "max_us": 91583,
    "n": 5
  },
  "warm": {
    "p50_us": 47583,
    "p95_us": 50783,
    "p99_us": 50783,
    "max_us": 50783,
    "n": 5
  },
  "cold_over_warm_p50": 1.778093016413425,
  "cold_over_warm_p95": 1.8034184668097593
}