{
  "schema": "researchdb.phase1.cold_warm.v1",
  "plan": "v1",
  "query": "Q3",
  "cold_method": "container-restart",
  "warmup": 5,
  "cold": {
    "p50_us": 2365,
    "p95_us": 2885,
    "p99_us": 2885,
    "max_us": 2885,
    "n": 5
  },
  "warm": {
    "p50_us": 687,
    "p95_us": 828,
    "p99_us": 828,
    "max_us": 828,
    "n": 5
  },
  "cold_over_warm_p50": 3.442503639010189,
  "cold_over_warm_p95": 3.4842995169082127
}