{
  "schema": "researchdb.phase1.cold_warm.v1",
  "plan": "naive",
  "query": "Q4",
  "cold_method": "container-restart",
  "warmup": 5,
  "cold": {
    "p50_us": 46015,
    "p95_us": 82047,
    "p99_us": 82047,
    "max_us": 82047,
    "n": 5
  },
  "warm": {
    "p50_us": 11215,
    "p95_us": 12287,
    "p99_us": 12287,
    "max_us": 12287,
    "n": 5
  },
  "cold_over_warm_p50": 4.102987070887204,
  "cold_over_warm_p95": 6.6775453731586225
}