{
  "schema": "researchdb.phase1.cold_warm.v1",
  "plan": "v2",
  "query": "Q3",
  "cold_method": "container-restart",
  "warmup": 5,
  "cold": {
    "p50_us": 2899,
    "p95_us": 3515,
    "p99_us": 3515,
    "max_us": 3515,
    "n": 5
  },
  "warm": {
    "p50_us": 738,
    "p95_us": 766,
    "p99_us": 766,
    "max_us": 766,
    "n": 5
  },
  "cold_over_warm_p50": 3.9281842818428183,
  "cold_over_warm_p95": 4.588772845953002
}