{
  "schema": "researchdb.phase1.cold_warm.v1",
  "plan": "v2",
  "query": "Q6",
  "cold_method": "container-restart",
  "warmup": 5,
  "cold": {
    "p50_us": 81151,
    "p95_us": 83839,
    "p99_us": 83839,
    "max_us": 83839,
    "n": 5
  },
  "warm": {
    "p50_us": 43103,
    "p95_us": 43935,
    "p99_us": 43935,
    "max_us": 43935,
    "n": 5
  },
  "cold_over_warm_p50": 1.8827227803169153,
  "cold_over_warm_p95": 1.9082508250825083
}