{
  "schema": "researchdb.phase1.cold_warm.v1",
  "plan": "v2",
  "query": "Q1",
  "cold_method": "container-restart",
  "warmup": 5,
  "cold": {
    "p50_us": 35519,
    "p95_us": 43423,
    "p99_us": 43423,
    "max_us": 43423,
    "n": 5
  },
  "warm": {
    "p50_us": 14583,
    "p95_us": 15239,
    "p99_us": 15239,
    "max_us": 15239,
    "n": 5
  },
  "cold_over_warm_p50": 2.4356442432969896,
  "cold_over_warm_p95": 2.849465188004462
}