{
  "schema": "researchdb.phase1.cold_warm.v1",
  "plan": "v3",
  "query": "Q1",
  "cold_method": "container-restart",
  "warmup": 5,
  "cold": {
    "p50_us": 35007,
    "p95_us": 35615,
    "p99_us": 35615,
    "max_us": 35615,
    "n": 5
  },
  "warm": {
    "p50_us": 12839,
    "p95_us": 15903,
    "p99_us": 15903,
    "max_us": 15903,
    "n": 5
  },
  "cold_over_warm_p50": 2.7266142222914556,
  "cold_over_warm_p95": 2.2395145570018236
}