{
  "schema": "researchdb.phase1.cold_warm.v1",
  "plan": "v2",
  "query": "Q7",
  "cold_method": "container-restart",
  "warmup": 5,
  "cold": {
    "p50_us": 36895,
    "p95_us": 47487,
    "p99_us": 47487,
    "max_us": 47487,
    "n": 5
  },
  "warm": {
    "p50_us": 20591,
    "p95_us": 21583,
    "p99_us": 21583,
    "max_us": 21583,
    "n": 5
  },
  "cold_over_warm_p50": 1.7918022436987033,
  "cold_over_warm_p95": 2.2002038641523423
}