{
  "schema": "researchdb.phase1.cold_warm.v1",
  "plan": "v1",
  "query": "Q1",
  "cold_method": "container-restart",
  "warmup": 5,
  "cold": {
    "p50_us": 37279,
    "p95_us": 38271,
    "p99_us": 38271,
    "max_us": 38271,
    "n": 5
  },
  "warm": {
    "p50_us": 12559,
    "p95_us": 14319,
    "p99_us": 14319,
    "max_us": 14319,
    "n": 5
  },
  "cold_over_warm_p50": 2.96830957878812,
  "cold_over_warm_p95": 2.6727425099518123
}