{
  "schema": "researchdb.phase1.cold_warm.v1",
  "plan": "v1",
  "query": "Q2",
  "cold_method": "container-restart",
  "warmup": 5,
  "cold": {
    "p50_us": 48767,
    "p95_us": 55199,
    "p99_us": 55199,
    "max_us": 55199,
    "n": 5
  },
  "warm": {
    "p50_us": 30287,
    "p95_us": 31167,
    "p99_us": 31167,
    "max_us": 31167,
    "n": 5
  },
  "cold_over_warm_p50": 1.6101627761085615,
  "cold_over_warm_p95": 1.7710719671447364
}