{
  "schema": "researchdb.phase1.cold_warm.v1",
  "plan": "v3",
  "query": "Q5",
  "cold_method": "container-restart",
  "warmup": 5,
  "cold": {
    "p50_us": 46783,
    "p95_us": 48575,
    "p99_us": 48575,
    "max_us": 48575,
    "n": 5
  },
  "warm": {
    "p50_us": 30815,
    "p95_us": 31055,
    "p99_us": 31055,
    "max_us": 31055,
    "n": 5
  },
  "cold_over_warm_p50": 1.518189193574558,
  "cold_over_warm_p95": 1.5641603606504588
}