{
  "schema": "researchdb.phase1.cold_warm.v1",
  "plan": "v1",
  "query": "Q2",
  "cold_method": "container-restart",
  "warmup": 5,
  "cold": {
    "p50_us": 55679,
    "p95_us": 57055,
    "p99_us": 57055,
    "max_us": 57055,
    "n": 5
  },
  "warm": {
    "p50_us": 43167,
    "p95_us": 44095,
    "p99_us": 44095,
    "max_us": 44095,
    "n": 5
  },
  "cold_over_warm_p50": 1.2898510436212849,
  "cold_over_warm_p95": 1.293910874248781
}