{
  "schema": "researchdb.phase1.cold_warm.v1",
  "plan": "v3",
  "query": "Q4",
  "cold_method": "container-restart",
  "warmup": 5,
  "cold": {
    "p50_us": 11575,
    "p95_us": 13895,
    "p99_us": 13895,
    "max_us": 13895,
    "n": 5
  },
  "warm": {
    "p50_us": 1389,
    "p95_us": 1794,
    "p99_us": 1794,
    "max_us": 1794,
    "n": 5
  },
  "cold_over_warm_p50": 8.333333333333334,
  "cold_over_warm_p95": 7.745261984392419
}