{
  "schema": "researchdb.phase1.cold_warm.v1",
  "plan": "v2",
  "query": "Q6",
  "cold_method": "container-restart",
  "warmup": 5,
  "cold": {
    "p50_us": 119551,
    "p95_us": 126463,
    "p99_us": 126463,
    "max_us": 126463,
    "n": 5
  },
  "warm": {
    "p50_us": 60863,
    "p95_us": 63775,
    "p99_us": 63775,
    "max_us": 63775,
    "n": 5
  },
  "cold_over_warm_p50": 1.9642640027602978,
  "cold_over_warm_p95": 1.9829557036456291
}