{
  "schema": "researchdb.phase1.cold_warm.v1",
  "plan": "v3",
  "query": "Q3",
  "cold_method": "container-restart",
  "warmup": 5,
  "cold": {
    "p50_us": 2609,
    "p95_us": 2873,
    "p99_us": 2873,
    "max_us": 2873,
    "n": 5
  },
  "warm": {
    "p50_us": 716,
    "p95_us": 853,
    "p99_us": 853,
    "max_us": 853,
    "n": 5
  },
  "cold_over_warm_p50": 3.643854748603352,
  "cold_over_warm_p95": 3.3681125439624853
}