{
  "schema": "researchdb.phase1.cold_warm.v1",
  "plan": "v0",
  "query": "Q6",
  "cold_method": "container-restart",
  "warmup": 5,
  "cold": {
    "p50_us": 117695,
    "p95_us": 129727,
    "p99_us": 129727,
    "max_us": 129727,
    "n": 5
  },
  "warm": {
    "p50_us": 60831,
    "p95_us": 63039,
    "p99_us": 63039,
    "max_us": 63039,
    "n": 5
  },
  "cold_over_warm_p50": 1.9347865397576893,
  "cold_over_warm_p95": 2.0578848014721047
}