{
  "schema": "researchdb.phase1.cold_warm.v1",
  "plan": "v1",
  "query": "Q7",
  "cold_method": "container-restart",
  "warmup": 5,
  "cold": {
    "p50_us": 82239,
    "p95_us": 96255,
    "p99_us": 96255,
    "max_us": 96255,
    "n": 5
  },
  "warm": {
    "p50_us": 43647,
    "p95_us": 44223,
    "p99_us": 44223,
    "max_us": 44223,
    "n": 5
  },
  "cold_over_warm_p50": 1.8841844800329919,
  "cold_over_warm_p95": 2.1765823214164577
}