{
  "schema": "researchdb.phase1.cold_warm.v1",
  "plan": "v1",
  "query": "Q5",
  "cold_method": "container-restart",
  "warmup": 5,
  "cold": {
    "p50_us": 54303,
    "p95_us": 100479,
    "p99_us": 100479,
    "max_us": 100479,
    "n": 5
  },
  "warm": {
    "p50_us": 34463,
    "p95_us": 37759,
    "p99_us": 37759,
    "max_us": 37759,
    "n": 5
  },
  "cold_over_warm_p50": 1.5756898702956794,
  "cold_over_warm_p95": 2.6610609391138538
}