{
  "schema": "researchdb.phase1.cold_warm.v1",
  "plan": "v0",
  "query": "Q2",
  "cold_method": "container-restart",
  "warmup": 5,
  "cold": {
    "p50_us": 56255,
    "p95_us": 57887,
    "p99_us": 57887,
    "max_us": 57887,
    "n": 5
  },
  "warm": {
    "p50_us": 44447,
    "p95_us": 46399,
    "p99_us": 46399,
    "max_us": 46399,
    "n": 5
  },
  "cold_over_warm_p50": 1.265664724278354,
  "cold_over_warm_p95": 1.2475915429211837
}