{
  "schema": "researchdb.phase1.cold_warm.v1",
  "plan": "v1",
  "query": "Q3",
  "cold_method": "container-restart",
  "warmup": 5,
  "cold": {
    "p50_us": 3121,
    "p95_us": 3387,
    "p99_us": 3387,
    "max_us": 3387,
    "n": 5
  },
  "warm": {
    "p50_us": 692,
    "p95_us": 795,
    "p99_us": 795,
    "max_us": 795,
    "n": 5
  },
  "cold_over_warm_p50": 4.5101156069364166,
  "cold_over_warm_p95": 4.260377358490566
}